,ID,Pred_prob
0,T1,0.7547327939183051
1,T2,0.0
2,T3,0.5946128871466351
3,T4,0.801897712593043
4,T5,0.19594225810309054
5,T6,1.0
6,T7,0.2000401172705541
7,T8,0.0
8,T9,1.0
9,T10,0.19787396373724003
10,T11,0.0
11,T12,0.5995113098668949
12,T13,0.4393340022089121
13,T14,0.0
14,T15,0.5959455447907113
15,T16,0.0
16,T17,0.8125062718629958
17,T18,1.0
18,T19,0.5994138614091364
19,T20,1.0
20,T21,1.0
21,T22,0.4446621855144876
22,T23,0.0
23,T24,1.0
24,T25,1.0
25,T26,0.20011723749404525
26,T27,0.7608428276554858
27,T28,1.0
28,T29,1.0
29,T30,1.0
30,T31,0.5994161773425117
31,T32,0.1983987014414777
32,T33,0.0
33,T34,0.1921760158641601
34,T35,0.6003365369123117
35,T36,1.0
36,T37,1.0
37,T38,1.0
38,T39,0.7924028553520328
39,T40,0.5574649208235092
40,T41,0.6076175911735682
41,T42,1.0
42,T43,1.0
43,T44,0.0
44,T45,1.0
45,T46,0.0
46,T47,0.0
47,T48,0.0
48,T49,1.0
49,T50,0.8023343798571873
50,T51,0.20005393918764924
51,T52,0.20003580003134352
52,T53,0.7971931160525962
53,T54,0.7968126037899272
54,T55,0.7994075600776708
55,T56,0.823784819092895
56,T57,0.6014526877806581
57,T58,0.0
58,T59,1.0
59,T60,0.8045461196812598
60,T61,0.7960202785646385
61,T62,0.5998751571535788
62,T63,0.20029558379746012
63,T64,0.7729984703481835
64,T65,0.8063201684465289
65,T66,0.7802501482070036
66,T67,1.0
67,T68,0.5824744699272077
68,T69,0.7935952355030961
69,T70,0.5982780241145025
70,T71,1.0
71,T72,0.8150452998044205
72,T73,0.3966309600974193
73,T74,0.3808581879344535
74,T75,0.19557605216120216
75,T76,0.39830690745599373
76,T77,0.7395329393715523
77,T78,0.6000080363049797
78,T79,0.0
79,T80,0.8041347189445947
80,T81,0.6029719803384672
81,T82,0.589412459791703
82,T83,0.6056040345548336
83,T84,0.8000292273629197
84,T85,0.801321789076551
85,T86,0.20003587551180962
86,T87,1.0
87,T88,0.8008414667315373
88,T89,0.8023449645572368
89,T90,0.8014966477057032
90,T91,1.0
91,T92,0.8274843565204734
92,T93,0.8005789485036274
93,T94,1.0
94,T95,1.0
95,T96,0.8104275542447341
96,T97,1.0
97,T98,0.8032888793806456
98,T99,1.0
99,T100,0.7577237686013746
100,T101,0.0
101,T102,0.0
102,T103,0.0
103,T104,1.0
104,T105,0.7935567569388275
105,T106,0.20010961403185515
106,T107,0.8439432290376192
107,T108,0.7988930908543703
108,T109,0.8000024159468326
109,T110,0.8004551970235415
110,T111,0.0
111,T112,0.2004973594975044
112,T113,0.40070502701079846
113,T114,0.0
114,T115,0.19844842010189082
115,T116,1.0
116,T117,1.0
117,T118,1.0
118,T119,0.20007852274225396
119,T120,0.5975725896047139
120,T121,1.0
121,T122,1.0
122,T123,1.0
123,T124,0.8039525835357562
124,T125,0.789603534899814
125,T126,0.8438419935484361
126,T127,0.8024462634824339
127,T128,0.7984010260838824
128,T129,1.0
129,T130,1.0
130,T131,1.0
131,T132,0.19680367562168297
132,T133,0.6123032766959039
133,T134,0.0
134,T135,0.19766818680076842
135,T136,0.0
136,T137,1.0
137,T138,0.0
138,T139,0.0
139,T140,1.0
140,T141,0.8206390621468895
141,T142,0.8131940466818005
142,T143,0.0
143,T144,0.5877807464900824
144,T145,0.6175447874987489
145,T146,0.6203700276218103
146,T147,0.5974101042387022
147,T148,0.7885134307084325
148,T149,0.6020180224162041
149,T150,0.0
150,T151,1.0
151,T152,0.6301779313541057
152,T153,0.4251771043179707
153,T154,0.394512216948346
154,T155,0.39255787791788216
155,T156,0.0
156,T157,0.8112766360559419
157,T158,0.7990196014183412
158,T159,0.0
159,T160,0.39343269635199357
160,T161,0.0
161,T162,0.4029268387098912
162,T163,0.40600591019638677
163,T164,0.20278286140450255
164,T165,0.599508662378733
165,T166,0.0
166,T167,0.796095726513176
167,T168,1.0
168,T169,1.0
169,T170,0.8070755010312876
170,T171,0.44011780979383053
171,T172,0.1998150459809805
172,T173,0.0
173,T174,1.0
174,T175,0.1830412196767102
175,T176,0.1839232723195252
176,T177,0.0
177,T178,0.8034858052241749
178,T179,0.8033114153877714
179,T180,0.599176688206188
180,T181,0.20011476294046418
181,T182,0.19845745875624474
182,T183,0.3744043129521557
183,T184,0.3930159834124561
184,T185,0.0
185,T186,0.0
186,T187,0.20703894172315937
187,T188,0.20586504600086752
188,T189,1.0
189,T190,0.6044052850385591
190,T191,1.0
191,T192,1.0
192,T193,0.0
193,T194,0.8011817790788351
194,T195,0.8192763769021045
195,T196,0.19587808762484119
196,T197,0.6047394435720189
197,T198,0.40868959001457644
198,T199,0.3757115084113967
199,T200,0.7896425838512152
200,T201,0.4010631142305848
201,T202,0.0
202,T203,0.0
203,T204,0.0
204,T205,0.0
205,T206,0.5976032521174163
206,T207,0.0
207,T208,0.0
208,T209,0.0
209,T210,0.0
210,T211,0.6017760036397127
211,T212,0.8025776432702164
212,T213,0.6578345503921951
213,T214,0.0
214,T215,0.0
215,T216,0.1929752376250704
216,T217,0.7959814382931749
217,T218,0.5687758684222566
218,T219,0.0
219,T220,0.5877428610940935
220,T221,0.802190841298378
